time, Pout_a, Pout_b, Pref_a, Pref_b, Perr_nrm, Pout_nrm, Pref_nrm, theta_ref, VV
0.000025, 0.000000, 0.000000, 0.000050, 0.000000, 0.000050, 0.553900, 0.553900, 0.000090, 0
0.000050, 0.000000, 0.000000, 0.005035, 0.000023, 0.005035, 0.553900, 0.553901, 0.009090, 0
0.000075, 0.000000, 0.000000, 0.010020, 0.000090, 0.010020, 0.553900, 0.553901, 0.018090, 0
0.000100, 0.005756, 0.000000, 0.015003, 0.000203, 0.009249, 0.553930, 0.553901, 0.027090, 1
0.000125, 0.011513, 0.000000, 0.019986, 0.000360, 0.008481, 0.554020, 0.553901, 0.036090, 1
0.000150, 0.017269, 0.000000, 0.024967, 0.000562, 0.007719, 0.554169, 0.553901, 0.045090, 1
0.000175, 0.023025, 0.000000, 0.029946, 0.000809, 0.006968, 0.554379, 0.553902, 0.054090, 1
0.000200, 0.028782, 0.000000, 0.034922, 0.001100, 0.006239, 0.554648, 0.553902, 0.063090, 1
0.000225, 0.034538, 0.000000, 0.039896, 0.001437, 0.005548, 0.554976, 0.553902, 0.072090, 1
0.000250, 0.040294, 0.000000, 0.044867, 0.001818, 0.004921, 0.555364, 0.553902, 0.081090, 1
0.000275, 0.046050, 0.000000, 0.049834, 0.002244, 0.004399, 0.555811, 0.553903, 0.090090, 1
0.000300, 0.051807, 0.000000, 0.054796, 0.002715, 0.004038, 0.556318, 0.553903, 0.099090, 1
0.000325, 0.057563, 0.000000, 0.059755, 0.003230, 0.003903, 0.556883, 0.553903, 0.108090, 1
0.000350, 0.063319, 0.000000, 0.064708, 0.003790, 0.004036, 0.557508, 0.553903, 0.117090, 1
0.000375, 0.069076, 0.000000, 0.069657, 0.004394, 0.004432, 0.558191, 0.553903, 0.126090, 1
0.000400, 0.074832, 0.000000, 0.074599, 0.005043, 0.005048, 0.558932, 0.553904, 0.135090, 1
0.000425, 0.080588, 0.000000, 0.079536, 0.005736, 0.005832, 0.559732, 0.553904, 0.144090, 1
0.000450, 0.086345, 0.000000, 0.084466, 0.006474, 0.006741, 0.560590, 0.553904, 0.153090, 1
0.000475, 0.089223, 0.004985, 0.089389, 0.007256, 0.002277, 0.556119, 0.553904, 0.162090, 2
0.000500, 0.092101, 0.009970, 0.094306, 0.008083, 0.002902, 0.551672, 0.553905, 0.171090, 2
0.000525, 0.094979, 0.014955, 0.099214, 0.008953, 0.007346, 0.547250, 0.553905, 0.180090, 2
0.000550, 0.100735, 0.014955, 0.104114, 0.009868, 0.006107, 0.548278, 0.553905, 0.189090, 1
0.000575, 0.106492, 0.014955, 0.109006, 0.010827, 0.004834, 0.549365, 0.553905, 0.198090, 1
0.000600, 0.112248, 0.014955, 0.113890, 0.011830, 0.003530, 0.550510, 0.553905, 0.207090, 1
0.000625, 0.118004, 0.014955, 0.118764, 0.012877, 0.002213, 0.551713, 0.553906, 0.216090, 1
0.000650, 0.123760, 0.014955, 0.123628, 0.013967, 0.000997, 0.552972, 0.553906, 0.225090, 1
0.000675, 0.129517, 0.014955, 0.128482, 0.015101, 0.001045, 0.554289, 0.553906, 0.234090, 1
0.000700, 0.135273, 0.014955, 0.133326, 0.016279, 0.002354, 0.555662, 0.553906, 0.243090, 1
0.000725, 0.141029, 0.014955, 0.138159, 0.017501, 0.003836, 0.557092, 0.553907, 0.252090, 1
0.000750, 0.146786, 0.014955, 0.142981, 0.018766, 0.005385, 0.558577, 0.553907, 0.261090, 1
0.000775, 0.152542, 0.014955, 0.147792, 0.020074, 0.006983, 0.560117, 0.553907, 0.270090, 1
0.000800, 0.158298, 0.014955, 0.152590, 0.021425, 0.008628, 0.561712, 0.553907, 0.279090, 1
0.000825, 0.161176, 0.019940, 0.157376, 0.022820, 0.004768, 0.557755, 0.553907, 0.288090, 2
0.000850, 0.164055, 0.024926, 0.162149, 0.024258, 0.002019, 0.553831, 0.553908, 0.297090, 2
0.000875, 0.166933, 0.029911, 0.166909, 0.025738, 0.004172, 0.549938, 0.553908, 0.306090, 2
0.000900, 0.169811, 0.034896, 0.171656, 0.027262, 0.007854, 0.546078, 0.553908, 0.315090, 2
0.000925, 0.175567, 0.034896, 0.176389, 0.028828, 0.006123, 0.547896, 0.553908, 0.324090, 1
0.000950, 0.181323, 0.034896, 0.181107, 0.030436, 0.004465, 0.549767, 0.553908, 0.333090, 1
0.000975, 0.187080, 0.034896, 0.185811, 0.032087, 0.003082, 0.551692, 0.553909, 0.342090, 1
0.001000, 0.192836, 0.034896, 0.190500, 0.033780, 0.002589, 0.553671, 0.553909, 0.351090, 1
0.001025, 0.198592, 0.034896, 0.195173, 0.035516, 0.003475, 0.555702, 0.553909, 0.360090, 1
0.001050, 0.204349, 0.034896, 0.199831, 0.037293, 0.005115, 0.557785, 0.553909, 0.369090, 1
0.001075, 0.210105, 0.034896, 0.204472, 0.039112, 0.007036, 0.559920, 0.553910, 0.378090, 1
0.001100, 0.212983, 0.039881, 0.209097, 0.040973, 0.004037, 0.556397, 0.553910, 0.387090, 2
0.001125, 0.215861, 0.044866, 0.213704, 0.042875, 0.002935, 0.552912, 0.553910, 0.396090, 2
0.001150, 0.218739, 0.049851, 0.218295, 0.044819, 0.005052, 0.549466, 0.553910, 0.405090, 2
0.001175, 0.221618, 0.054836, 0.222868, 0.046804, 0.008129, 0.546058, 0.553910, 0.414090, 2
0.001200, 0.227374, 0.054836, 0.227423, 0.048830, 0.006006, 0.548419, 0.553911, 0.423090, 1
0.001225, 0.233130, 0.054836, 0.231959, 0.050897, 0.004109, 0.550831, 0.553911, 0.432090, 1
0.001250, 0.238886, 0.054836, 0.236476, 0.053005, 0.003027, 0.553292, 0.553911, 0.441090, 1
0.001275, 0.244643, 0.054836, 0.240975, 0.055153, 0.003682, 0.555801, 0.553911, 0.450090, 1
0.001300, 0.250399, 0.054836, 0.245454, 0.057342, 0.005544, 0.558359, 0.553911, 0.459090, 1
0.001325, 0.256155, 0.054836, 0.249913, 0.059571, 0.007835, 0.560964, 0.553912, 0.468090, 1
0.001350, 0.259034, 0.059821, 0.254352, 0.061840, 0.005099, 0.557864, 0.553912, 0.477090, 2
0.001375, 0.261912, 0.064806, 0.258770, 0.064149, 0.003210, 0.554807, 0.553912, 0.486090, 2
0.001400, 0.264790, 0.069791, 0.263167, 0.066497, 0.003672, 0.551793, 0.553912, 0.495090, 2
0.001425, 0.267668, 0.074777, 0.267543, 0.068885, 0.005893, 0.548822, 0.553912, 0.504090, 2
0.001450, 0.270546, 0.079762, 0.271897, 0.071312, 0.008557, 0.545896, 0.553913, 0.513090, 2
0.001475, 0.273424, 0.084747, 0.276229, 0.073779, 0.011321, 0.543016, 0.553913, 0.522090, 2
0.001500, 0.279181, 0.084747, 0.280539, 0.076284, 0.008571, 0.545937, 0.553913, 0.531090, 1
0.001525, 0.284937, 0.084747, 0.284826, 0.078828, 0.005920, 0.548903, 0.553913, 0.540090, 1
0.001550, 0.290693, 0.084747, 0.289090, 0.081410, 0.003701, 0.551913, 0.553913, 0.549090, 1
0.001575, 0.290693, 0.084747, 0.293331, 0.084031, 0.002733, 0.551913, 0.553914, 0.558090, 0
0.001600, 0.296449, 0.084747, 0.297548, 0.086690, 0.002232, 0.554966, 0.553914, 0.567090, 1
0.001625, 0.302206, 0.084747, 0.301741, 0.089386, 0.004663, 0.558062, 0.553914, 0.576090, 1
0.001650, 0.307962, 0.084747, 0.305909, 0.092121, 0.007654, 0.561200, 0.553914, 0.585090, 1
0.001675, 0.313718, 0.084747, 0.310053, 0.094892, 0.010787, 0.564380, 0.553914, 0.594090, 1
0.001700, 0.316597, 0.089732, 0.314171, 0.097701, 0.008330, 0.561859, 0.553914, 0.603090, 2
0.001725, 0.319475, 0.094717, 0.318264, 0.100547, 0.005954, 0.559387, 0.553915, 0.612090, 2
0.001750, 0.322353, 0.099702, 0.322331, 0.103429, 0.003727, 0.556963, 0.553915, 0.621090, 2
0.001775, 0.325231, 0.104687, 0.326373, 0.106348, 0.002016, 0.554588, 0.553915, 0.630090, 2
0.001800, 0.328109, 0.109672, 0.330387, 0.109304, 0.002308, 0.552263, 0.553915, 0.639090, 2
0.001825, 0.330987, 0.114657, 0.334375, 0.112295, 0.004130, 0.549988, 0.553915, 0.648090, 2
0.001850, 0.333865, 0.119642, 0.338336, 0.115322, 0.006217, 0.547765, 0.553916, 0.657090, 2
0.001875, 0.336744, 0.124628, 0.342269, 0.118384, 0.008338, 0.545593, 0.553916, 0.666090, 2
0.001900, 0.342500, 0.124628, 0.346175, 0.121482, 0.004838, 0.549164, 0.553916, 0.675090, 1
0.001925, 0.348256, 0.124628, 0.350053, 0.124615, 0.001797, 0.552773, 0.553916, 0.684090, 1
0.001950, 0.354013, 0.124628, 0.353902, 0.127782, 0.003157, 0.556417, 0.553916, 0.693090, 1
0.001975, 0.359769, 0.124628, 0.357723, 0.130985, 0.006678, 0.560097, 0.553916, 0.702090, 1
0.002000, 0.365525, 0.124628, 0.361515, 0.134221, 0.010398, 0.563812, 0.553917, 0.711090, 1
0.002025, 0.368403, 0.129613, 0.365277, 0.137491, 0.008476, 0.561908, 0.553917, 0.720090, 2
0.002050, 0.371281, 0.134598, 0.369010, 0.140795, 0.006601, 0.560058, 0.553917, 0.729090, 2
0.002075, 0.374160, 0.139583, 0.372713, 0.144133, 0.004775, 0.558260, 0.553917, 0.738090, 2
0.002100, 0.377038, 0.144568, 0.376386, 0.147504, 0.003007, 0.556516, 0.553917, 0.747090, 2
0.002125, 0.379916, 0.149553, 0.380028, 0.150907, 0.001359, 0.554827, 0.553917, 0.756090, 2
0.002150, 0.382794, 0.154538, 0.383639, 0.154344, 0.000867, 0.553192, 0.553918, 0.765090, 2
0.002175, 0.385672, 0.159523, 0.387220, 0.157812, 0.002307, 0.551612, 0.553918, 0.774090, 2
0.002200, 0.388550, 0.164508, 0.390769, 0.161313, 0.003890, 0.550089, 0.553918, 0.783090, 2
0.002225, 0.391428, 0.169493, 0.394286, 0.164846, 0.005456, 0.548621, 0.553918, 0.792090, 2
0.002250, 0.394307, 0.174479, 0.397772, 0.168410, 0.006988, 0.547210, 0.553918, 0.801090, 2
0.002275, 0.397185, 0.179464, 0.401225, 0.172005, 0.008483, 0.545856, 0.553918, 0.810090, 2
0.002300, 0.402941, 0.179464, 0.404646, 0.175631, 0.004195, 0.550058, 0.553919, 0.819090, 1
0.002325, 0.408697, 0.179464, 0.408034, 0.179288, 0.000686, 0.554289, 0.553919, 0.828090, 1
0.002350, 0.414454, 0.179464, 0.411389, 0.182975, 0.004661, 0.558547, 0.553919, 0.837090, 1
0.002375, 0.420210, 0.179464, 0.414710, 0.186692, 0.009083, 0.562831, 0.553919, 0.846090, 1
0.002400, 0.423088, 0.184449, 0.417998, 0.190439, 0.007861, 0.561692, 0.553919, 0.855090, 2
0.002425, 0.425966, 0.189434, 0.421253, 0.194216, 0.006715, 0.560610, 0.553919, 0.864090, 2
0.002450, 0.428844, 0.194419, 0.424473, 0.198021, 0.005665, 0.559584, 0.553919, 0.873090, 2
0.002475, 0.431723, 0.199404, 0.427658, 0.201856, 0.004747, 0.558616, 0.553920, 0.882090, 2
0.002500, 0.434601, 0.204389, 0.430809, 0.205719, 0.004018, 0.557706, 0.553920, 0.891090, 2
0.002525, 0.437479, 0.209374, 0.433925, 0.209610, 0.003561, 0.556854, 0.553920, 0.900090, 2
0.002550, 0.440357, 0.214359, 0.437006, 0.213529, 0.003452, 0.556060, 0.553920, 0.909090, 2
0.002575, 0.443235, 0.219345, 0.440052, 0.217475, 0.003691, 0.555324, 0.553920, 0.918090, 2
0.002600, 0.446113, 0.224330, 0.443062, 0.221449, 0.004196, 0.554648, 0.553920, 0.927090, 2
0.002625, 0.448991, 0.229315, 0.446036, 0.225450, 0.004865, 0.554030, 0.553920, 0.936090, 2
0.002650, 0.448991, 0.229315, 0.448974, 0.229477, 0.000164, 0.554030, 0.553921, 0.945090, 7
0.002675, 0.448991, 0.229315, 0.451876, 0.233531, 0.005108, 0.554030, 0.553921, 0.954090, 7
0.002700, 0.451870, 0.234300, 0.454741, 0.237611, 0.004382, 0.553471, 0.553921, 0.963090, 2
0.002725, 0.454748, 0.239285, 0.457569, 0.241716, 0.003724, 0.552972, 0.553921, 0.972090, 2
0.002750, 0.457626, 0.244270, 0.460360, 0.245846, 0.003156, 0.552533, 0.553921, 0.981090, 2
0.002775, 0.460504, 0.249255, 0.463114, 0.250002, 0.002714, 0.552153, 0.553921, 0.990090, 2
0.002800, 0.463382, 0.254240, 0.465830, 0.254182, 0.002448, 0.551833, 0.553921, 0.999090, 2
0.002825, 0.466260, 0.259225, 0.468509, 0.258386, 0.002400, 0.551572, 0.553921, 1.008090, 2
0.002850, 0.469139, 0.264210, 0.471149, 0.262614, 0.002567, 0.551372, 0.553922, 1.017090, 2
0.002875, 0.472017, 0.269196, 0.473752, 0.266866, 0.002904, 0.551232, 0.553922, 1.026090, 2
0.002900, 0.474895, 0.274181, 0.476316, 0.271141, 0.003355, 0.551152, 0.553922, 1.035090, 2
0.002925, 0.477773, 0.279166, 0.478841, 0.275439, 0.003877, 0.551132, 0.553922, 1.044090, 2
0.002950, 0.480651, 0.284151, 0.481328, 0.279760, 0.004443, 0.551172, 0.553922, 1.053090, 2
0.002975, 0.483529, 0.289136, 0.483776, 0.284103, 0.005039, 0.551272, 0.553922, 1.062090, 2
0.003000, 0.486407, 0.294121, 0.486184, 0.288467, 0.005658, 0.551432, 0.553922, 1.071090, 2
0.003025, 0.489286, 0.299106, 0.488553, 0.292853, 0.006296, 0.551652, 0.553922, 1.080090, 2
0.003050, 0.492164, 0.304091, 0.490883, 0.297261, 0.006950, 0.551933, 0.553922, 1.089090, 2
0.003075, 0.495042, 0.309076, 0.493173, 0.301689, 0.007620, 0.552273, 0.553923, 1.098090, 2
0.003100, 0.495042, 0.309076, 0.495423, 0.306137, 0.002964, 0.552273, 0.553923, 1.107090, 7
0.003125, 0.495042, 0.309076, 0.497633, 0.310606, 0.003008, 0.552273, 0.553923, 1.116090, 7
0.003150, 0.495042, 0.309076, 0.499802, 0.315094, 0.007673, 0.552273, 0.553923, 1.125090, 7
0.003175, 0.497920, 0.314061, 0.501931, 0.319602, 0.006840, 0.552673, 0.553923, 1.134090, 2
0.003200, 0.500798, 0.319047, 0.504019, 0.324128, 0.006016, 0.553132, 0.553923, 1.143090, 2
0.003225, 0.503676, 0.324032, 0.506067, 0.328673, 0.005221, 0.553651, 0.553923, 1.152090, 2
0.003250, 0.506554, 0.329017, 0.508073, 0.333237, 0.004485, 0.554229, 0.553923, 1.161090, 2
0.003275, 0.509433, 0.334002, 0.510039, 0.337818, 0.003864, 0.554867, 0.553923, 1.170090, 2
0.003300, 0.512311, 0.338987, 0.511963, 0.342417, 0.003448, 0.555563, 0.553923, 1.179090, 2
0.003325, 0.515189, 0.343972, 0.513845, 0.347033, 0.003343, 0.556318, 0.553923, 1.188090, 2
0.003350, 0.518067, 0.348957, 0.515686, 0.351666, 0.003606, 0.557131, 0.553924, 1.197090, 2
0.003375, 0.520945, 0.353942, 0.517486, 0.356315, 0.004195, 0.558003, 0.553924, 1.206090, 2
0.003400, 0.523823, 0.358927, 0.519243, 0.360980, 0.005019, 0.558932, 0.553924, 1.215090, 2
0.003425, 0.526702, 0.363913, 0.520958, 0.365660, 0.006004, 0.559920, 0.553924, 1.224090, 2
0.003450, 0.529580, 0.368898, 0.522631, 0.370356, 0.007100, 0.560964, 0.553924, 1.233090, 2
0.003475, 0.526702, 0.373883, 0.524262, 0.375067, 0.002712, 0.556616, 0.553924, 1.242090, 3
0.003500, 0.523823, 0.378868, 0.525850, 0.379793, 0.002228, 0.552293, 0.553924, 1.251090, 3
0.003525, 0.520945, 0.383853, 0.527396, 0.384532, 0.006486, 0.547996, 0.553924, 1.260090, 3
0.003550, 0.523823, 0.388838, 0.528899, 0.389285, 0.005095, 0.549214, 0.553924, 1.269090, 2
0.003575, 0.526702, 0.393823, 0.530359, 0.394052, 0.003664, 0.550490, 0.553924, 1.278090, 2
0.003600, 0.529580, 0.398808, 0.531776, 0.398831, 0.002196, 0.551823, 0.553924, 1.287090, 2
0.003625, 0.532458, 0.403793, 0.533150, 0.403623, 0.000713, 0.553212, 0.553924, 1.296090, 2
0.003650, 0.535336, 0.408778, 0.534481, 0.408427, 0.000925, 0.554658, 0.553924, 1.305090, 2
0.003675, 0.538214, 0.413764, 0.535768, 0.413243, 0.002500, 0.556159, 0.553924, 1.314090, 2
0.003700, 0.541092, 0.418749, 0.537013, 0.418070, 0.004136, 0.557716, 0.553924, 1.323090, 2
0.003725, 0.543970, 0.423734, 0.538213, 0.422909, 0.005816, 0.559327, 0.553925, 1.332090, 2
0.003750, 0.546849, 0.428719, 0.539370, 0.427758, 0.007540, 0.560994, 0.553925, 1.341090, 2
0.003775, 0.543970, 0.433704, 0.540484, 0.432617, 0.003652, 0.557092, 0.553925, 1.350090, 3
0.003800, 0.541092, 0.438689, 0.541554, 0.437486, 0.001289, 0.553222, 0.553925, 1.359090, 3
0.003825, 0.538214, 0.443674, 0.542579, 0.442364, 0.004557, 0.549385, 0.553925, 1.368090, 3
0.003850, 0.535336, 0.448659, 0.543561, 0.447252, 0.008345, 0.545583, 0.553925, 1.377090, 3
0.003875, 0.538214, 0.453644, 0.544499, 0.452148, 0.006461, 0.547472, 0.553925, 1.386090, 2
0.003900, 0.541092, 0.458629, 0.545393, 0.457052, 0.004581, 0.549416, 0.553925, 1.395090, 2
0.003925, 0.543970, 0.463615, 0.546242, 0.461964, 0.002808, 0.551412, 0.553925, 1.404090, 2
0.003950, 0.546849, 0.468600, 0.547047, 0.466884, 0.001727, 0.553461, 0.553925, 1.413090, 2
0.003975, 0.549727, 0.473585, 0.547808, 0.471810, 0.002613, 0.555563, 0.553925, 1.422090, 2
0.004000, 0.552605, 0.478570, 0.548525, 0.476744, 0.004470, 0.557716, 0.553925, 1.431090, 2
0.004025, 0.555483, 0.483555, 0.549197, 0.481683, 0.006559, 0.559920, 0.553925, 1.440090, 2
0.004050, 0.558361, 0.488540, 0.549825, 0.486629, 0.008748, 0.562174, 0.553925, 1.449090, 2
0.004075, 0.555483, 0.493525, 0.550408, 0.491580, 0.005435, 0.558754, 0.553925, 1.458090, 3
0.004100, 0.552605, 0.498510, 0.550947, 0.496535, 0.002579, 0.555374, 0.553925, 1.467090, 3
0.004125, 0.549727, 0.503495, 0.551441, 0.501496, 0.002633, 0.552033, 0.553925, 1.476090, 3
0.004150, 0.546849, 0.508480, 0.551890, 0.506461, 0.005431, 0.548732, 0.553925, 1.485090, 3
0.004175, 0.543970, 0.513466, 0.552295, 0.511429, 0.008570, 0.545471, 0.553925, 1.494090, 3
0.004200, 0.546849, 0.518451, 0.552654, 0.516402, 0.006157, 0.547996, 0.553925, 1.503090, 2
0.004225, 0.549727, 0.523436, 0.552970, 0.521377, 0.003841, 0.550570, 0.553925, 1.512090, 2
0.004250, 0.552605, 0.528421, 0.553240, 0.526354, 0.002162, 0.553192, 0.553925, 1.521090, 2
0.004275, 0.555483, 0.533406, 0.553465, 0.531334, 0.002892, 0.555861, 0.553925, 1.530090, 2
0.004300, 0.558361, 0.538391, 0.553646, 0.536316, 0.005151, 0.558577, 0.553925, 1.539090, 2
0.004325, 0.561239, 0.543376, 0.553782, 0.541299, 0.007741, 0.561338, 0.553925, 1.548090, 2
0.004350, 0.564117, 0.548361, 0.553873, 0.546284, 0.010453, 0.564145, 0.553925, 1.557090, 2
0.004375, 0.561239, 0.553346, 0.553919, 0.551269, 0.007610, 0.561240, 0.553925, 1.566090, 3
0.004400, 0.558361, 0.558332, 0.553920, 0.556254, 0.004903, 0.558379, 0.553925, 1.575090, 3
0.004425, 0.555483, 0.563317, 0.553877, 0.561239, 0.002627, 0.555563, 0.553925, 1.584090, 3
0.004450, 0.552605, 0.568302, 0.553788, 0.566223, 0.002392, 0.552793, 0.553925, 1.593090, 3
0.004475, 0.549727, 0.573287, 0.553655, 0.571206, 0.004445, 0.550068, 0.553925, 1.602090, 3
0.004500, 0.546849, 0.578272, 0.553477, 0.576188, 0.006948, 0.547391, 0.553925, 1.611090, 3
0.004525, 0.543970, 0.583257, 0.553254, 0.581168, 0.009515, 0.544762, 0.553925, 1.620090, 3
0.004550, 0.546849, 0.588242, 0.552986, 0.586146, 0.006485, 0.547926, 0.553925, 1.629090, 2
0.004575, 0.549727, 0.593227, 0.552673, 0.591121, 0.003622, 0.551132, 0.553925, 1.638090, 2
0.004600, 0.552605, 0.598212, 0.552316, 0.596094, 0.002138, 0.554379, 0.553925, 1.647090, 2
0.004625, 0.555483, 0.603197, 0.551914, 0.601062, 0.004159, 0.557666, 0.553925, 1.656090, 2
0.004650, 0.558361, 0.608183, 0.551467, 0.606027, 0.007223, 0.560994, 0.553925, 1.665090, 2
0.004675, 0.561239, 0.613168, 0.550975, 0.610988, 0.010493, 0.564360, 0.553925, 1.674090, 2
0.004700, 0.558361, 0.618153, 0.550439, 0.615944, 0.008224, 0.562046, 0.553925, 1.683090, 3
0.004725, 0.555483, 0.623138, 0.549859, 0.620896, 0.006055, 0.559781, 0.553925, 1.692090, 3
0.004750, 0.552605, 0.628123, 0.549233, 0.625841, 0.004071, 0.557567, 0.553925, 1.701090, 3
0.004775, 0.549727, 0.633108, 0.548564, 0.630781, 0.002601, 0.555404, 0.553925, 1.710090, 3
0.004800, 0.546849, 0.638093, 0.547850, 0.635715, 0.002580, 0.553292, 0.553925, 1.719090, 3
0.004825, 0.543970, 0.643078, 0.547091, 0.640642, 0.003959, 0.551232, 0.553925, 1.728090, 3
0.004850, 0.541092, 0.648063, 0.546288, 0.645562, 0.005767, 0.549224, 0.553925, 1.737090, 3
0.004875, 0.538214, 0.653048, 0.545441, 0.650474, 0.007672, 0.547270, 0.553925, 1.746090, 3
0.004900, 0.541092, 0.658034, 0.544550, 0.655379, 0.004359, 0.551021, 0.553925, 1.755090, 2
0.004925, 0.543970, 0.663019, 0.543615, 0.660276, 0.002766, 0.554807, 0.553925, 1.764090, 2
0.004950, 0.546849, 0.668004, 0.542635, 0.665164, 0.005081, 0.558626, 0.553925, 1.773090, 2
0.004975, 0.549727, 0.672989, 0.541612, 0.670043, 0.008633, 0.562478, 0.553925, 1.782090, 2
0.005000, 0.546849, 0.677974, 0.540545, 0.674912, 0.007008, 0.560747, 0.553925, 1.791090, 3
0.005025, 0.543970, 0.682959, 0.539434, 0.679772, 0.005544, 0.559071, 0.553925, 1.800090, 3
0.005050, 0.541092, 0.687944, 0.538279, 0.684621, 0.004354, 0.557448, 0.553925, 1.809090, 3
0.005075, 0.538214, 0.692929, 0.537081, 0.689460, 0.003649, 0.555881, 0.553924, 1.818090, 3
0.005100, 0.535336, 0.697914, 0.535839, 0.694288, 0.003661, 0.554369, 0.553924, 1.827090, 3
0.005125, 0.532458, 0.702899, 0.534554, 0.699105, 0.004335, 0.552912, 0.553924, 1.836090, 3
0.005150, 0.532458, 0.702899, 0.533225, 0.703910, 0.001269, 0.552912, 0.553924, 1.845090, 0
0.005175, 0.532458, 0.702899, 0.531854, 0.708702, 0.005834, 0.552912, 0.553924, 1.854090, 0
0.005200, 0.529580, 0.707885, 0.530439, 0.713482, 0.005663, 0.551512, 0.553924, 1.863090, 3
0.005225, 0.526702, 0.712870, 0.528981, 0.718250, 0.005843, 0.550169, 0.553924, 1.872090, 3
0.005250, 0.523823, 0.717855, 0.527481, 0.723004, 0.006316, 0.548883, 0.553924, 1.881090, 3
0.005275, 0.520945, 0.722840, 0.525937, 0.727744, 0.006998, 0.547654, 0.553924, 1.890090, 3
0.005300, 0.518067, 0.727825, 0.524352, 0.732470, 0.007815, 0.546483, 0.553924, 1.899090, 3
0.005325, 0.515189, 0.732810, 0.522723, 0.737181, 0.008711, 0.545370, 0.553924, 1.908090, 3
0.005350, 0.518067, 0.737795, 0.521053, 0.741878, 0.005058, 0.549737, 0.553924, 1.917090, 2
0.005375, 0.520945, 0.742780, 0.519340, 0.746560, 0.004106, 0.554130, 0.553924, 1.926090, 2
0.005400, 0.523823, 0.747765, 0.517585, 0.751226, 0.007134, 0.558547, 0.553924, 1.935090, 2
0.005425, 0.520945, 0.752751, 0.515788, 0.755876, 0.006030, 0.557607, 0.553924, 1.944090, 3
0.005450, 0.518067, 0.757736, 0.513949, 0.760509, 0.004965, 0.556725, 0.553923, 1.953090, 3
0.005475, 0.515189, 0.762721, 0.512069, 0.765126, 0.003940, 0.555901, 0.553923, 1.962090, 3
0.005500, 0.512311, 0.767706, 0.510147, 0.769726, 0.002960, 0.555135, 0.553923, 1.971090, 3
0.005525, 0.509433, 0.772691, 0.508184, 0.774308, 0.002043, 0.554428, 0.553923, 1.980090, 3
0.005550, 0.506554, 0.777676, 0.506180, 0.778873, 0.001254, 0.553781, 0.553923, 1.989090, 3
0.005575, 0.503676, 0.782661, 0.504135, 0.783419, 0.000886, 0.553192, 0.553923, 1.998090, 3
0.005600, 0.500798, 0.787646, 0.502049, 0.787947, 0.001286, 0.552663, 0.553923, 2.007090, 3
0.005625, 0.497920, 0.792631, 0.499922, 0.792455, 0.002010, 0.552193, 0.553923, 2.016090, 3
0.005650, 0.495042, 0.797616, 0.497755, 0.796945, 0.002795, 0.551783, 0.553923, 2.025090, 3
0.005675, 0.492164, 0.802602, 0.495547, 0.801414, 0.003586, 0.551432, 0.553923, 2.034090, 3
0.005700, 0.489286, 0.807587, 0.493300, 0.805864, 0.004368, 0.551142, 0.553923, 2.043090, 3
0.005725, 0.486407, 0.812572, 0.491012, 0.810293, 0.005137, 0.550911, 0.553922, 2.052090, 3
0.005750, 0.483529, 0.817557, 0.488685, 0.814702, 0.005893, 0.550741, 0.553922, 2.061090, 3
0.005775, 0.480651, 0.822542, 0.486318, 0.819089, 0.006636, 0.550630, 0.553922, 2.070090, 3
0.005800, 0.477773, 0.827527, 0.483911, 0.823455, 0.007366, 0.550580, 0.553922, 2.079090, 3
0.005825, 0.474895, 0.832512, 0.481466, 0.827799, 0.008086, 0.550590, 0.553922, 2.088090, 3
0.005850, 0.472017, 0.837497, 0.478981, 0.832121, 0.008798, 0.550660, 0.553922, 2.097090, 3
0.005875, 0.469139, 0.842482, 0.476458, 0.836420, 0.009504, 0.550791, 0.553922, 2.106090, 3
0.005900, 0.466260, 0.847467, 0.473896, 0.840696, 0.010205, 0.550981, 0.553922, 2.115090, 3
0.005925, 0.463382, 0.852453, 0.471295, 0.844949, 0.010905, 0.551232, 0.553922, 2.124090, 3
0.005950, 0.463382, 0.852453, 0.468657, 0.849179, 0.006208, 0.551232, 0.553921, 2.133090, 0
0.005975, 0.463382, 0.852453, 0.465981, 0.853385, 0.002760, 0.551232, 0.553921, 2.142090, 0
0.006000, 0.463382, 0.852453, 0.463266, 0.857566, 0.005115, 0.551232, 0.553921, 2.151090, 0
0.006025, 0.463382, 0.852453, 0.460515, 0.861723, 0.009704, 0.551232, 0.553921, 2.160090, 0
0.006050, 0.460504, 0.857438, 0.457726, 0.865855, 0.008864, 0.551542, 0.553921, 2.169090, 3
0.006075, 0.457626, 0.862423, 0.454900, 0.869961, 0.008017, 0.551913, 0.553921, 2.178090, 3
0.006100, 0.454748, 0.867408, 0.452037, 0.874042, 0.007167, 0.552343, 0.553921, 2.187090, 3
0.006125, 0.451870, 0.872393, 0.449137, 0.878098, 0.006325, 0.552832, 0.553921, 2.196090, 3
0.006150, 0.448991, 0.877378, 0.446201, 0.882126, 0.005507, 0.553382, 0.553920, 2.205090, 3
0.006175, 0.446113, 0.882363, 0.443229, 0.886129, 0.004743, 0.553990, 0.553920, 2.214090, 3
0.006200, 0.443235, 0.887348, 0.440221, 0.890104, 0.004084, 0.554658, 0.553920, 2.223090, 3
0.006225, 0.440357, 0.892333, 0.437177, 0.894052, 0.003614, 0.555384, 0.553920, 2.232090, 3
0.006250, 0.437479, 0.897319, 0.434098, 0.897973, 0.003443, 0.556169, 0.553920, 2.241090, 3
0.006275, 0.434601, 0.902304, 0.430984, 0.901865, 0.003643, 0.557012, 0.553920, 2.250090, 3
0.006300, 0.431723, 0.907289, 0.427835, 0.905730, 0.004188, 0.557914, 0.553920, 2.259090, 3
0.006325, 0.428844, 0.912274, 0.424651, 0.909566, 0.004991, 0.558873, 0.553919, 2.268090, 3
0.006350, 0.425966, 0.917259, 0.421433, 0.913373, 0.005971, 0.559890, 0.553919, 2.277090, 3
0.006375, 0.423088, 0.922244, 0.418181, 0.917151, 0.007072, 0.560964, 0.553919, 2.286090, 3
0.006400, 0.417332, 0.922244, 0.414895, 0.920900, 0.002783, 0.556635, 0.553919, 2.295090, 4
0.006425, 0.411576, 0.922244, 0.411575, 0.924619, 0.002375, 0.552333, 0.553919, 2.304090, 4
0.006450, 0.405819, 0.922244, 0.408222, 0.928307, 0.006522, 0.548057, 0.553919, 2.313090, 4
0.006475, 0.402941, 0.927229, 0.404836, 0.931966, 0.005102, 0.549305, 0.553919, 2.322090, 3
0.006500, 0.400063, 0.932214, 0.401417, 0.935594, 0.003641, 0.550610, 0.553918, 2.331090, 3
0.006525, 0.397185, 0.937199, 0.397965, 0.939191, 0.002139, 0.551973, 0.553918, 2.340090, 3
0.006550, 0.394307, 0.942184, 0.394482, 0.942757, 0.000599, 0.553392, 0.553918, 2.349090, 3
0.006575, 0.391428, 0.947170, 0.390966, 0.946291, 0.000993, 0.554867, 0.553918, 2.358090, 3
0.006600, 0.388550, 0.952155, 0.387419, 0.949794, 0.002618, 0.556397, 0.553918, 2.367090, 3
0.006625, 0.385672, 0.957140, 0.383840, 0.953264, 0.004287, 0.557983, 0.553918, 2.376090, 3
0.006650, 0.382794, 0.962125, 0.380230, 0.956702, 0.005998, 0.559624, 0.553917, 2.385090, 3
0.006675, 0.379916, 0.967110, 0.376590, 0.960108, 0.007752, 0.561318, 0.553917, 2.394090, 3
0.006700, 0.374160, 0.967110, 0.372919, 0.963480, 0.003836, 0.557438, 0.553917, 2.403090, 4
0.006725, 0.368403, 0.967110, 0.369217, 0.966820, 0.000864, 0.553591, 0.553917, 2.412090, 4
0.006750, 0.362647, 0.967110, 0.365486, 0.970126, 0.004142, 0.549777, 0.553917, 2.421090, 4
0.006775, 0.356891, 0.967110, 0.361726, 0.973398, 0.007932, 0.545997, 0.553917, 2.430090, 4
0.006800, 0.354013, 0.972095, 0.357935, 0.976636, 0.006001, 0.547916, 0.553916, 2.439090, 3
0.006825, 0.351134, 0.977080, 0.354116, 0.979840, 0.004063, 0.549888, 0.553916, 2.448090, 3
0.006850, 0.348256, 0.982065, 0.350269, 0.983010, 0.002223, 0.551913, 0.553916, 2.457090, 3
0.006875, 0.345378, 0.987050, 0.346393, 0.986145, 0.001360, 0.553990, 0.553916, 2.466090, 3
0.006900, 0.342500, 0.992035, 0.342488, 0.989244, 0.002791, 0.556119, 0.553916, 2.475090, 3
0.006925, 0.339622, 0.997021, 0.338556, 0.992309, 0.004831, 0.558300, 0.553916, 2.484090, 3
0.006950, 0.336744, 1.002006, 0.334597, 0.995338, 0.007005, 0.560531, 0.553915, 2.493090, 3
0.006975, 0.333865, 1.006991, 0.330611, 0.998331, 0.009251, 0.562812, 0.553915, 2.502090, 3
0.007000, 0.328109, 1.006991, 0.326597, 1.001288, 0.005900, 0.559416, 0.553915, 2.511090, 4
0.007025, 0.322353, 1.006991, 0.322558, 1.004209, 0.002789, 0.556060, 0.553915, 2.520090, 4
0.007050, 0.316597, 1.006991, 0.318492, 1.007094, 0.001898, 0.552743, 0.553915, 2.529090, 4
0.007075, 0.310840, 1.006991, 0.314400, 1.009942, 0.004624, 0.549466, 0.553914, 2.538090, 4
0.007100, 0.305084, 1.006991, 0.310283, 1.012752, 0.007761, 0.546230, 0.553914, 2.547090, 4
0.007125, 0.302206, 1.011976, 0.306141, 1.015526, 0.005300, 0.548782, 0.553914, 2.556090, 3
0.007150, 0.299328, 1.016961, 0.301974, 1.018262, 0.002949, 0.551382, 0.553914, 2.565090, 3
0.007175, 0.296449, 1.021946, 0.297783, 1.020961, 0.001658, 0.554030, 0.553914, 2.574090, 3
0.007200, 0.293571, 1.026931, 0.293567, 1.023622, 0.003309, 0.556725, 0.553914, 2.583090, 3
0.007225, 0.290693, 1.031916, 0.289328, 1.026245, 0.005833, 0.559466, 0.553913, 2.592090, 3
0.007250, 0.287815, 1.036901, 0.285065, 1.028829, 0.008528, 0.562252, 0.553913, 2.601090, 3
0.007275, 0.282059, 1.036901, 0.280779, 1.031375, 0.005672, 0.559327, 0.553913, 2.610090, 4
0.007300, 0.276302, 1.036901, 0.276471, 1.033883, 0.003023, 0.556447, 0.553913, 2.619090, 4
0.007325, 0.270546, 1.036901, 0.272140, 1.036351, 0.001686, 0.553611, 0.553913, 2.628090, 4
0.007350, 0.264790, 1.036901, 0.267787, 1.038781, 0.003537, 0.550821, 0.553912, 2.637090, 4
0.007375, 0.259034, 1.036901, 0.263412, 1.041171, 0.006116, 0.548077, 0.553912, 2.646090, 4
0.007400, 0.253277, 1.036901, 0.259016, 1.043522, 0.008761, 0.545380, 0.553912, 2.655090, 4
0.007425, 0.250399, 1.041886, 0.254599, 1.045833, 0.005763, 0.548480, 0.553912, 2.664090, 3
0.007450, 0.247521, 1.046872, 0.250161, 1.048104, 0.002914, 0.551622, 0.553912, 2.673090, 3
0.007475, 0.244643, 1.051857, 0.245703, 1.050335, 0.001855, 0.554807, 0.553911, 2.682090, 3
0.007500, 0.241765, 1.056842, 0.241226, 1.052526, 0.004349, 0.558033, 0.553911, 2.691090, 3
0.007525, 0.238886, 1.061827, 0.236728, 1.054677, 0.007469, 0.561299, 0.553911, 2.700090, 3
0.007550, 0.236008, 1.066812, 0.232212, 1.056787, 0.010720, 0.564605, 0.553911, 2.709090, 3
0.007575, 0.230252, 1.066812, 0.227676, 1.058856, 0.008362, 0.562223, 0.553911, 2.718090, 4
0.007600, 0.224496, 1.066812, 0.223123, 1.060884, 0.006084, 0.559890, 0.553910, 2.727090, 4
0.007625, 0.218739, 1.066812, 0.218551, 1.062872, 0.003945, 0.557607, 0.553910, 2.736090, 4
0.007650, 0.212983, 1.066812, 0.213961, 1.064818, 0.002221, 0.555374, 0.553910, 2.745090, 4
0.007675, 0.207227, 1.066812, 0.209354, 1.066723, 0.002129, 0.553192, 0.553910, 2.754090, 4
0.007700, 0.201471, 1.066812, 0.204731, 1.068586, 0.003711, 0.551061, 0.553910, 2.763090, 4
0.007725, 0.195714, 1.066812, 0.200090, 1.070407, 0.005663, 0.548983, 0.553909, 2.772090, 4
0.007750, 0.189958, 1.066812, 0.195434, 1.072187, 0.007673, 0.546957, 0.553909, 2.781090, 4
0.007775, 0.184202, 1.066812, 0.190761, 1.073925, 0.009676, 0.544985, 0.553909, 2.790090, 4
0.007800, 0.181323, 1.071797, 0.186073, 1.075620, 0.006097, 0.548722, 0.553909, 2.799090, 3
0.007825, 0.178445, 1.076782, 0.181370, 1.077273, 0.002966, 0.552493, 0.553908, 2.808090, 3
0.007850, 0.175567, 1.081767, 0.176653, 1.078884, 0.003081, 0.556298, 0.553908, 2.817090, 3
0.007875, 0.172689, 1.086752, 0.171921, 1.080453, 0.006346, 0.560136, 0.553908, 2.826090, 3
0.007900, 0.169811, 1.091738, 0.167175, 1.081978, 0.010109, 0.564008, 0.553908, 2.835090, 3
0.007925, 0.164055, 1.091738, 0.162415, 1.083461, 0.008437, 0.562301, 0.553908, 2.844090, 4
0.007950, 0.158298, 1.091738, 0.157643, 1.084901, 0.006867, 0.560649, 0.553907, 2.853090, 4
0.007975, 0.152542, 1.091738, 0.152858, 1.086298, 0.005448, 0.559051, 0.553907, 2.862090, 4
0.008000, 0.146786, 1.091738, 0.148060, 1.087652, 0.004279, 0.557508, 0.553907, 2.871090, 4
0.008025, 0.141029, 1.091738, 0.143250, 1.088963, 0.003554, 0.556020, 0.553907, 2.880090, 4
0.008050, 0.135273, 1.091738, 0.138429, 1.090230, 0.003497, 0.554588, 0.553907, 2.889090, 4
0.008075, 0.129517, 1.091738, 0.133596, 1.091454, 0.004089, 0.553212, 0.553906, 2.898090, 4
0.008100, 0.123760, 1.091738, 0.128753, 1.092635, 0.005073, 0.551893, 0.553906, 2.907090, 4
0.008125, 0.123760, 1.091738, 0.123899, 1.093771, 0.002039, 0.551893, 0.553906, 2.916090, 7
0.008150, 0.123760, 1.091738, 0.119035, 1.094864, 0.005666, 0.551893, 0.553906, 2.925090, 7
0.008175, 0.118004, 1.091738, 0.114162, 1.095913, 0.005675, 0.550630, 0.553905, 2.934090, 4
0.008200, 0.112248, 1.091738, 0.109279, 1.096919, 0.005971, 0.549426, 0.553905, 2.943090, 4
0.008225, 0.106492, 1.091738, 0.104388, 1.097880, 0.006493, 0.548278, 0.553905, 2.952090, 4
0.008250, 0.100735, 1.091738, 0.099488, 1.098797, 0.007169, 0.547190, 0.553905, 2.961090, 4
0.008275, 0.094979, 1.091738, 0.094580, 1.099670, 0.007943, 0.546159, 0.553905, 2.970090, 4
0.008300, 0.092101, 1.096723, 0.089664, 1.100499, 0.004494, 0.550580, 0.553904, 2.979090, 3
0.008325, 0.089223, 1.101708, 0.084741, 1.101284, 0.004501, 0.555026, 0.553904, 2.988090, 3
0.008350, 0.086345, 1.106693, 0.079811, 1.102024, 0.008030, 0.559495, 0.553904, 2.997090, 3
0.008375, 0.080588, 1.106693, 0.074875, 1.102720, 0.006959, 0.558636, 0.553904, 3.006090, 4
0.008400, 0.074832, 1.106693, 0.069933, 1.103371, 0.005919, 0.557835, 0.553903, 3.015090, 4
0.008425, 0.069076, 1.106693, 0.064985, 1.103978, 0.004910, 0.557092, 0.553903, 3.024090, 4
0.008450, 0.063319, 1.106693, 0.060032, 1.104541, 0.003930, 0.556407, 0.553903, 3.033090, 4
0.008475, 0.057563, 1.106693, 0.055073, 1.105058, 0.002978, 0.555781, 0.553903, 3.042090, 4
0.008500, 0.051807, 1.106693, 0.050111, 1.105531, 0.002055, 0.555215, 0.553903, 3.051090, 4
0.008525, 0.046050, 1.106693, 0.045144, 1.105960, 0.001166, 0.554707, 0.553902, 3.060090, 4
0.008550, 0.040294, 1.106693, 0.040174, 1.106344, 0.000369, 0.554259, 0.553902, 3.069090, 4
0.008575, 0.034538, 1.106693, 0.035200, 1.106683, 0.000663, 0.553870, 0.553902, 3.078090, 4
0.008600, 0.028782, 1.106693, 0.030224, 1.106977, 0.001470, 0.553541, 0.553902, 3.087090, 4
0.008625, 0.023025, 1.106693, 0.025245, 1.107226, 0.002283, 0.553272, 0.553901, 3.096090, 4
0.008650, 0.017269, 1.106693, 0.020264, 1.107431, 0.003085, 0.553062, 0.553901, 3.105090, 4
0.008675, 0.011513, 1.106693, 0.015282, 1.107590, 0.003874, 0.552912, 0.553901, 3.114090, 4
0.008700, 0.005756, 1.106693, 0.010298, 1.107705, 0.004653, 0.552822, 0.553901, 3.123090, 4
0.008725, 0.000000, 1.106693, 0.005313, 1.107775, 0.005422, 0.552793, 0.553901, 3.132090, 4
0.008750, 0.000000, 1.106693, 0.000328, 1.107801, 0.001155, 0.552793, 0.553900, 3.141090, 7
0.008775, 0.000000, 1.106693, -0.004657, 1.107781, 0.004782, 0.552793, 0.553900, 3.150090, 7
0.008800, -0.005756, 1.106693, -0.009641, 1.107716, 0.004018, 0.552822, 0.553900, 3.159090, 4
0.008825, -0.011513, 1.106693, -0.014625, 1.107607, 0.003244, 0.552912, 0.553900, 3.168090, 4
0.008850, -0.017269, 1.106693, -0.019608, 1.107453, 0.002459, 0.553062, 0.553899, 3.177090, 4
0.008875, -0.023025, 1.106693, -0.024589, 1.107253, 0.001661, 0.553272, 0.553899, 3.186090, 4
0.008900, -0.028782, 1.106693, -0.029568, 1.107010, 0.000848, 0.553541, 0.553899, 3.195090, 4
0.008925, -0.034538, 1.106693, -0.034545, 1.106721, 0.000029, 0.553870, 0.553899, 3.204090, 4
0.008950, -0.040294, 1.106693, -0.039519, 1.106387, 0.000833, 0.554259, 0.553899, 3.213090, 4
0.008975, -0.046050, 1.106693, -0.044490, 1.106009, 0.001704, 0.554707, 0.553898, 3.222090, 4
0.009000, -0.051807, 1.106693, -0.049457, 1.105586, 0.002598, 0.555215, 0.553898, 3.231090, 4
0.009025, -0.057563, 1.106693, -0.054420, 1.105118, 0.003515, 0.555781, 0.553898, 3.240090, 4
0.009050, -0.063319, 1.106693, -0.059378, 1.104606, 0.004459, 0.556407, 0.553898, 3.249090, 4
0.009075, -0.069076, 1.106693, -0.064332, 1.104049, 0.005430, 0.557092, 0.553897, 3.258090, 4
0.009100, -0.069076, 1.106693, -0.069281, 1.103448, 0.003252, 0.557092, 0.553897, 3.267090, 7
0.009125, -0.069076, 1.106693, -0.074224, 1.102802, 0.006454, 0.557092, 0.553897, 3.276090, 7
0.009150, -0.074832, 1.106693, -0.079161, 1.102111, 0.006303, 0.557835, 0.553897, 3.285090, 4
0.009175, -0.080588, 1.106693, -0.084092, 1.101376, 0.006367, 0.558636, 0.553897, 3.294090, 4
0.009200, -0.086345, 1.106693, -0.089016, 1.100597, 0.006655, 0.559495, 0.553896, 3.303090, 4
0.009225, -0.092101, 1.106693, -0.093932, 1.099774, 0.007158, 0.560412, 0.553896, 3.312090, 4
0.009250, -0.097857, 1.106693, -0.098841, 1.098906, 0.007849, 0.561387, 0.553896, 3.321090, 4
0.009275, -0.103613, 1.106693, -0.103742, 1.097994, 0.008700, 0.562419, 0.553896, 3.330090, 4
0.009300, -0.109370, 1.106693, -0.108635, 1.097038, 0.009683, 0.563508, 0.553895, 3.339090, 4
0.009325, -0.112248, 1.101708, -0.113518, 1.096038, 0.005810, 0.559189, 0.553895, 3.348090, 5
0.009350, -0.115126, 1.096723, -0.118393, 1.094994, 0.003696, 0.554896, 0.553895, 3.357090, 5
0.009375, -0.118004, 1.091738, -0.123258, 1.093907, 0.005684, 0.550630, 0.553895, 3.366090, 5
0.009400, -0.120882, 1.086752, -0.128113, 1.092775, 0.009411, 0.546392, 0.553895, 3.375090, 5
0.009425, -0.126639, 1.086752, -0.132958, 1.091600, 0.007964, 0.547694, 0.553894, 3.384090, 4
0.009450, -0.132395, 1.086752, -0.137792, 1.090382, 0.006503, 0.549054, 0.553894, 3.393090, 4
0.009475, -0.138151, 1.086752, -0.142614, 1.089120, 0.005052, 0.550470, 0.553894, 3.402090, 4
0.009500, -0.143908, 1.086752, -0.147425, 1.087814, 0.003675, 0.551943, 0.553894, 3.411090, 4
0.009525, -0.149664, 1.086752, -0.152225, 1.086465, 0.002577, 0.553471, 0.553893, 3.420090, 4
0.009550, -0.155420, 1.086752, -0.157011, 1.085074, 0.002313, 0.555056, 0.553893, 3.429090, 4
0.009575, -0.161176, 1.086752, -0.161786, 1.083639, 0.003173, 0.556695, 0.553893, 3.438090, 4
0.009600, -0.166933, 1.086752, -0.166547, 1.082161, 0.004607, 0.558389, 0.553893, 3.447090, 4
0.009625, -0.172689, 1.086752, -0.171294, 1.080641, 0.006269, 0.560136, 0.553893, 3.456090, 4
0.009650, -0.178445, 1.086752, -0.176028, 1.079077, 0.008047, 0.561938, 0.553892, 3.465090, 4
0.009675, -0.184202, 1.086752, -0.180747, 1.077472, 0.009903, 0.563792, 0.553892, 3.474090, 4
0.009700, -0.187080, 1.081767, -0.185452, 1.075824, 0.006163, 0.560038, 0.553892, 3.483090, 5
0.009725, -0.189958, 1.076782, -0.190142, 1.074133, 0.002655, 0.556318, 0.553892, 3.492090, 5
0.009750, -0.192836, 1.071797, -0.194816, 1.072401, 0.002070, 0.552633, 0.553892, 3.501090, 5
0.009775, -0.195714, 1.066812, -0.199475, 1.070626, 0.005356, 0.548983, 0.553891, 3.510090, 5
0.009800, -0.198592, 1.061827, -0.204117, 1.068810, 0.008904, 0.545370, 0.553891, 3.519090, 5
0.009825, -0.204349, 1.061827, -0.208743, 1.066952, 0.006751, 0.547492, 0.553891, 3.528090, 4
0.009850, -0.210105, 1.061827, -0.213352, 1.065052, 0.004576, 0.549667, 0.553891, 3.537090, 4
0.009875, -0.215861, 1.061827, -0.217943, 1.063111, 0.002446, 0.551893, 0.553891, 3.546090, 4
0.009900, -0.221618, 1.061827, -0.222517, 1.061129, 0.001139, 0.554169, 0.553890, 3.555090, 4
0.009925, -0.227374, 1.061827, -0.227073, 1.059105, 0.002738, 0.556496, 0.553890, 3.564090, 4
0.009950, -0.233130, 1.061827, -0.231611, 1.057041, 0.005021, 0.558873, 0.553890, 3.573090, 4
0.009975, -0.238886, 1.061827, -0.236130, 1.054936, 0.007422, 0.561299, 0.553890, 3.582090, 4
0.010000, -0.244643, 1.061827, -0.240629, 1.052790, 0.009888, 0.563773, 0.553889, 3.591090, 4
0.010025, -0.247521, 1.056842, -0.245110, 1.050604, 0.006688, 0.560550, 0.553889, 3.600090, 5
0.010050, -0.250399, 1.051857, -0.249570, 1.048378, 0.003576, 0.557369, 0.553889, 3.609090, 5
0.010075, -0.253277, 1.046872, -0.254010, 1.046111, 0.001056, 0.554229, 0.553889, 3.618090, 5
0.010100, -0.256155, 1.041886, -0.258430, 1.043805, 0.002976, 0.551132, 0.553889, 3.627090, 5
0.010125, -0.259034, 1.036901, -0.262828, 1.041459, 0.005931, 0.548077, 0.553888, 3.636090, 5
0.010150, -0.261912, 1.031916, -0.267206, 1.039074, 0.008903, 0.545066, 0.553888, 3.645090, 5
0.010175, -0.267668, 1.031916, -0.271561, 1.036649, 0.006128, 0.547855, 0.553888, 3.654090, 4
0.010200, -0.273424, 1.031916, -0.275895, 1.034185, 0.003355, 0.550691, 0.553888, 3.663090, 4
0.010225, -0.279181, 1.031916, -0.280206, 1.031683, 0.001052, 0.553571, 0.553888, 3.672090, 4
0.010250, -0.284937, 1.031916, -0.284495, 1.029141, 0.002810, 0.556496, 0.553888, 3.681090, 4
0.010275, -0.290693, 1.031916, -0.288761, 1.026561, 0.005693, 0.559466, 0.553887, 3.690090, 4
0.010300, -0.296449, 1.031916, -0.293003, 1.023943, 0.008686, 0.562478, 0.553887, 3.699090, 4
0.010325, -0.302206, 1.031916, -0.297221, 1.021287, 0.011740, 0.565533, 0.553887, 3.708090, 4
0.010350, -0.305084, 1.026931, -0.301416, 1.018593, 0.009110, 0.562880, 0.553887, 3.717090, 5
0.010375, -0.307962, 1.021946, -0.305586, 1.015861, 0.006533, 0.560274, 0.553887, 3.726090, 5
0.010400, -0.310840, 1.016961, -0.309731, 1.013092, 0.004025, 0.557716, 0.553886, 3.735090, 5
0.010425, -0.313718, 1.011976, -0.313851, 1.010286, 0.001695, 0.555205, 0.553886, 3.744090, 5
0.010450, -0.316597, 1.006991, -0.317946, 1.007442, 0.001423, 0.552743, 0.553886, 3.753090, 5
0.010475, -0.319475, 1.002006, -0.322015, 1.004562, 0.003604, 0.550329, 0.553886, 3.762090, 5
0.010500, -0.322353, 0.997021, -0.326057, 1.001646, 0.005926, 0.547966, 0.553886, 3.771090, 5
0.010525, -0.325231, 0.992035, -0.330074, 0.998693, 0.008232, 0.545653, 0.553885, 3.780090, 5
0.010550, -0.328109, 0.987050, -0.334064, 0.995704, 0.010504, 0.543392, 0.553885, 3.789090, 5
0.010575, -0.333865, 0.987050, -0.338026, 0.992679, 0.007000, 0.546887, 0.553885, 3.798090, 4
0.010600, -0.339622, 0.987050, -0.341961, 0.989619, 0.003475, 0.550420, 0.553885, 3.807090, 4
0.010625, -0.345378, 0.987050, -0.345869, 0.986524, 0.000720, 0.553990, 0.553885, 3.816090, 4
0.010650, -0.351134, 0.987050, -0.349749, 0.983393, 0.003911, 0.557597, 0.553885, 3.825090, 4
0.010675, -0.356891, 0.987050, -0.353600, 0.980228, 0.007575, 0.561240, 0.553884, 3.834090, 4
0.010700, -0.362647, 0.987050, -0.357422, 0.977028, 0.011302, 0.564917, 0.553884, 3.843090, 4
0.010725, -0.365525, 0.982065, -0.361216, 0.973794, 0.009327, 0.562969, 0.553884, 3.852090, 5
0.010750, -0.368403, 0.977080, -0.364980, 0.970526, 0.007394, 0.561072, 0.553884, 3.861090, 5
0.010775, -0.371281, 0.972095, -0.368715, 0.967224, 0.005506, 0.559229, 0.553884, 3.870090, 5
0.010800, -0.374160, 0.967110, -0.372420, 0.963888, 0.003661, 0.557438, 0.553884, 3.879090, 5
0.010825, -0.377038, 0.962125, -0.376095, 0.960520, 0.001861, 0.555702, 0.553883, 3.888090, 5
0.010850, -0.379916, 0.957140, -0.379739, 0.957118, 0.000178, 0.554020, 0.553883, 3.897090, 5
0.010875, -0.382794, 0.952155, -0.383353, 0.953684, 0.001628, 0.552393, 0.553883, 3.906090, 5
0.010900, -0.385672, 0.947170, -0.386935, 0.950218, 0.003299, 0.550821, 0.553883, 3.915090, 5
0.010925, -0.388550, 0.942184, -0.390486, 0.946719, 0.004931, 0.549305, 0.553883, 3.924090, 5
0.010950, -0.391428, 0.937199, -0.394006, 0.943189, 0.006520, 0.547845, 0.553883, 3.933090, 5
0.010975, -0.394307, 0.932214, -0.397493, 0.939627, 0.008068, 0.546442, 0.553882, 3.942090, 5
0.011000, -0.400063, 0.932214, -0.400949, 0.936033, 0.003921, 0.550610, 0.553882, 3.951090, 4
0.011025, -0.405819, 0.932214, -0.404372, 0.932409, 0.001461, 0.554807, 0.553882, 3.960090, 4
0.011050, -0.411576, 0.932214, -0.407762, 0.928754, 0.005149, 0.559031, 0.553882, 3.969090, 4
0.011075, -0.417332, 0.932214, -0.411119, 0.925069, 0.009468, 0.563283, 0.553882, 3.978090, 4
0.011100, -0.420210, 0.927229, -0.414443, 0.921354, 0.008233, 0.562095, 0.553882, 3.987090, 5
0.011125, -0.423088, 0.922244, -0.417733, 0.917609, 0.007083, 0.560964, 0.553882, 3.996090, 5
0.011150, -0.425966, 0.917259, -0.420989, 0.913834, 0.006041, 0.559890, 0.553881, 4.005090, 5
0.011175, -0.428844, 0.912274, -0.424212, 0.910031, 0.005147, 0.558873, 0.553881, 4.014090, 5
0.011200, -0.431723, 0.907289, -0.427400, 0.906198, 0.004458, 0.557914, 0.553881, 4.023090, 5
0.011225, -0.434601, 0.902304, -0.430553, 0.902337, 0.004048, 0.557012, 0.553881, 4.032090, 5
0.011250, -0.437479, 0.897319, -0.433671, 0.898448, 0.003971, 0.556169, 0.553881, 4.041090, 5
0.011275, -0.440357, 0.892333, -0.436755, 0.894531, 0.004219, 0.555384, 0.553881, 4.050090, 5
0.011300, -0.443235, 0.887348, -0.439803, 0.890586, 0.004718, 0.554658, 0.553881, 4.059090, 5
0.011325, -0.446113, 0.882363, -0.442815, 0.886614, 0.005380, 0.553990, 0.553880, 4.068090, 5
0.011350, -0.446113, 0.882363, -0.445791, 0.882615, 0.000409, 0.553990, 0.553880, 4.077090, 0
0.011375, -0.446113, 0.882363, -0.448732, 0.878589, 0.004593, 0.553990, 0.553880, 4.086090, 0
0.011400, -0.448991, 0.877378, -0.451636, 0.874537, 0.003881, 0.553382, 0.553880, 4.095090, 5
0.011425, -0.451870, 0.872393, -0.454503, 0.870460, 0.003267, 0.552832, 0.553880, 4.104090, 5
0.011450, -0.454748, 0.867408, -0.457334, 0.866356, 0.002792, 0.552343, 0.553880, 4.113090, 5
0.011475, -0.457626, 0.862423, -0.460127, 0.862227, 0.002509, 0.551913, 0.553880, 4.122090, 5
0.011500, -0.460504, 0.857438, -0.462884, 0.858073, 0.002463, 0.551542, 0.553879, 4.131090, 5
0.011525, -0.463382, 0.852453, -0.465602, 0.853895, 0.002648, 0.551232, 0.553879, 4.140090, 5
0.011550, -0.466260, 0.847467, -0.468283, 0.849692, 0.003007, 0.550981, 0.553879, 4.149090, 5
0.011575, -0.469139, 0.842482, -0.470927, 0.845465, 0.003478, 0.550791, 0.553879, 4.158090, 5
0.011600, -0.472017, 0.837497, -0.473532, 0.841215, 0.004015, 0.550660, 0.553879, 4.167090, 5
0.011625, -0.474895, 0.832512, -0.476098, 0.836942, 0.004590, 0.550590, 0.553879, 4.176090, 5
0.011650, -0.477773, 0.827527, -0.478626, 0.832645, 0.005189, 0.550580, 0.553879, 4.185090, 5
0.011675, -0.480651, 0.822542, -0.481116, 0.828326, 0.005803, 0.550630, 0.553879, 4.194090, 5
0.011700, -0.483529, 0.817557, -0.483566, 0.823985, 0.006428, 0.550741, 0.553879, 4.203090, 5
0.011725, -0.486407, 0.812572, -0.485977, 0.819621, 0.007063, 0.550911, 0.553878, 4.212090, 5
0.011750, -0.489286, 0.807587, -0.488349, 0.815237, 0.007707, 0.551142, 0.553878, 4.221090, 5
0.011775, -0.492164, 0.802602, -0.490681, 0.810831, 0.008362, 0.551432, 0.553878, 4.230090, 5
0.011800, -0.492164, 0.802602, -0.492973, 0.806404, 0.003888, 0.551432, 0.553878, 4.239090, 0
0.011825, -0.492164, 0.802602, -0.495226, 0.801957, 0.003129, 0.551432, 0.553878, 4.248090, 0
0.011850, -0.492164, 0.802602, -0.497438, 0.797490, 0.007345, 0.551432, 0.553878, 4.257090, 0
0.011875, -0.495042, 0.797616, -0.499611, 0.793003, 0.006493, 0.551783, 0.553878, 4.266090, 5
0.011900, -0.497920, 0.792631, -0.501742, 0.788496, 0.005631, 0.552193, 0.553878, 4.275090, 5
0.011925, -0.500798, 0.787646, -0.503833, 0.783971, 0.004766, 0.552663, 0.553878, 4.284090, 5
0.011950, -0.503676, 0.782661, -0.505883, 0.779427, 0.003915, 0.553192, 0.553878, 4.293090, 5
0.011975, -0.506554, 0.777676, -0.507893, 0.774865, 0.003113, 0.553781, 0.553877, 4.302090, 5
0.012000, -0.509433, 0.772691, -0.509861, 0.770285, 0.002444, 0.554428, 0.553877, 4.311090, 5
0.012025, -0.512311, 0.767706, -0.511787, 0.765687, 0.002086, 0.555135, 0.553877, 4.320090, 5
0.012050, -0.515189, 0.762721, -0.513673, 0.761072, 0.002240, 0.555901, 0.553877, 4.329090, 5
0.012075, -0.518067, 0.757736, -0.515517, 0.756441, 0.002860, 0.556725, 0.553877, 4.338090, 5
0.012100, -0.520945, 0.752751, -0.517318, 0.751793, 0.003751, 0.557607, 0.553877, 4.347090, 5
0.012125, -0.523823, 0.747765, -0.519079, 0.747129, 0.004787, 0.558547, 0.553877, 4.356090, 5
0.012150, -0.526702, 0.742780, -0.520797, 0.742449, 0.005914, 0.559545, 0.553877, 4.365090, 5
0.012175, -0.529580, 0.737795, -0.522472, 0.737754, 0.007107, 0.560600, 0.553877, 4.374090, 5
0.012200, -0.526702, 0.732810, -0.524106, 0.733044, 0.002606, 0.556258, 0.553877, 4.383090, 6
0.012225, -0.523823, 0.727825, -0.525697, 0.728320, 0.001938, 0.551943, 0.553877, 4.392090, 6
0.012250, -0.520945, 0.722840, -0.527245, 0.723581, 0.006344, 0.547654, 0.553877, 4.401090, 6
0.012275, -0.523823, 0.717855, -0.528751, 0.718829, 0.005023, 0.548883, 0.553877, 4.410090, 5
0.012300, -0.526702, 0.712870, -0.530214, 0.714063, 0.003710, 0.550169, 0.553876, 4.419090, 5
0.012325, -0.529580, 0.707885, -0.531634, 0.709285, 0.002486, 0.551512, 0.553876, 4.428090, 5
0.012350, -0.532458, 0.702899, -0.533011, 0.704494, 0.001687, 0.552912, 0.553876, 4.437090, 5
0.012375, -0.535336, 0.697914, -0.534345, 0.699690, 0.002034, 0.554369, 0.553876, 4.446090, 5
0.012400, -0.538214, 0.692929, -0.535635, 0.694875, 0.003231, 0.555881, 0.553876, 4.455090, 5
0.012425, -0.541092, 0.687944, -0.536882, 0.690049, 0.004707, 0.557448, 0.553876, 4.464090, 5
0.012450, -0.543970, 0.682959, -0.538086, 0.685211, 0.006301, 0.559071, 0.553876, 4.473090, 5
0.012475, -0.546849, 0.677974, -0.539246, 0.680363, 0.007969, 0.560747, 0.553876, 4.482090, 5
0.012500, -0.543970, 0.672989, -0.540362, 0.675504, 0.004399, 0.556854, 0.553876, 4.491090, 6
0.012525, -0.541092, 0.668004, -0.541435, 0.670636, 0.002654, 0.552992, 0.553876, 4.500090, 6
0.012550, -0.538214, 0.663019, -0.542463, 0.665758, 0.005056, 0.549164, 0.553876, 4.509090, 6
0.012575, -0.535336, 0.658034, -0.543448, 0.660871, 0.008594, 0.545370, 0.553876, 4.518090, 6
0.012600, -0.538214, 0.653048, -0.544389, 0.655976, 0.006833, 0.547270, 0.553876, 4.527090, 5
0.012625, -0.541092, 0.648063, -0.545285, 0.651072, 0.005161, 0.549224, 0.553876, 4.536090, 5
0.012650, -0.543970, 0.643078, -0.546138, 0.646160, 0.003768, 0.551232, 0.553876, 4.545090, 5
0.012675, -0.546849, 0.638093, -0.546946, 0.641241, 0.003149, 0.553292, 0.553876, 4.554090, 5
0.012700, -0.549727, 0.633108, -0.547710, 0.636315, 0.003788, 0.555404, 0.553876, 4.563090, 5
0.012725, -0.552605, 0.628123, -0.548429, 0.631382, 0.005297, 0.557567, 0.553876, 4.572090, 5
0.012750, -0.555483, 0.623138, -0.549105, 0.626443, 0.007184, 0.559781, 0.553876, 4.581090, 5
0.012775, -0.558361, 0.618153, -0.549735, 0.621498, 0.009252, 0.562046, 0.553876, 4.590090, 5
0.012800, -0.555483, 0.613168, -0.550321, 0.616547, 0.006170, 0.558636, 0.553876, 4.599090, 6
0.012825, -0.552605, 0.608183, -0.550863, 0.611592, 0.003828, 0.555265, 0.553876, 4.608090, 6
0.012850, -0.549727, 0.603197, -0.551360, 0.606631, 0.003802, 0.551933, 0.553875, 4.617090, 6
0.012875, -0.546849, 0.598212, -0.551812, 0.601667, 0.006047, 0.548641, 0.553875, 4.626090, 6
0.012900, -0.543970, 0.593227, -0.552219, 0.596698, 0.008950, 0.545390, 0.553875, 4.635090, 6
0.012925, -0.546849, 0.588242, -0.552582, 0.591727, 0.006709, 0.547926, 0.553875, 4.644090, 5
0.012950, -0.549727, 0.583257, -0.552900, 0.586752, 0.004721, 0.550510, 0.553875, 4.653090, 5
0.012975, -0.552605, 0.578272, -0.553174, 0.581774, 0.003548, 0.553142, 0.553875, 4.662090, 5
0.013000, -0.555483, 0.573287, -0.553402, 0.576794, 0.004078, 0.555821, 0.553875, 4.671090, 5
0.013025, -0.558361, 0.568302, -0.553586, 0.571813, 0.005927, 0.558547, 0.553875, 4.680090, 5
0.013050, -0.561239, 0.563317, -0.553724, 0.566829, 0.008295, 0.561318, 0.553875, 4.689090, 5
0.013075, -0.558361, 0.558332, -0.553818, 0.561845, 0.005743, 0.558379, 0.553875, 4.698090, 6
0.013100, -0.555483, 0.553346, -0.553867, 0.556860, 0.003868, 0.555483, 0.553875, 4.707090, 6
0.013125, -0.555483, 0.553346, -0.553872, 0.551875, 0.002182, 0.555483, 0.553875, 4.716090, 7
0.013150, -0.552605, 0.548361, -0.553831, 0.546890, 0.001915, 0.552633, 0.553875, 4.725090, 6
0.013175, -0.549727, 0.543376, -0.553746, 0.541906, 0.004279, 0.549827, 0.553875, 4.734090, 6
0.013200, -0.546849, 0.538391, -0.553615, 0.536923, 0.006924, 0.547068, 0.553875, 4.743090, 6
0.013225, -0.543970, 0.533406, -0.553440, 0.531941, 0.009582, 0.544356, 0.553875, 4.752090, 6
0.013250, -0.546849, 0.528421, -0.553220, 0.526960, 0.006537, 0.547442, 0.553875, 4.761090, 5
0.013275, -0.549727, 0.523436, -0.552955, 0.521982, 0.003540, 0.550570, 0.553875, 4.770090, 5
0.013300, -0.552605, 0.518451, -0.552645, 0.517007, 0.001444, 0.553741, 0.553875, 4.779090, 5
0.013325, -0.555483, 0.513466, -0.552291, 0.512034, 0.003498, 0.556953, 0.553875, 4.788090, 5
0.013350, -0.558361, 0.508480, -0.551892, 0.507065, 0.006622, 0.560205, 0.553875, 4.797090, 5
0.013375, -0.561239, 0.503495, -0.551448, 0.502100, 0.009890, 0.563498, 0.553875, 4.806090, 5
0.013400, -0.558361, 0.498510, -0.550959, 0.497139, 0.007528, 0.561102, 0.553876, 4.815090, 6
0.013425, -0.555483, 0.493525, -0.550426, 0.492182, 0.005232, 0.558754, 0.553876, 4.824090, 6
0.013450, -0.552605, 0.488540, -0.549848, 0.487231, 0.003052, 0.556457, 0.553876, 4.833090, 6
0.013475, -0.549727, 0.483555, -0.549226, 0.482285, 0.001365, 0.554209, 0.553876, 4.842090, 6
0.013500, -0.546849, 0.478570, -0.548559, 0.477345, 0.002104, 0.552013, 0.553876, 4.851090, 6
0.013525, -0.543970, 0.473585, -0.547848, 0.472410, 0.004052, 0.549868, 0.553876, 4.860090, 6
0.013550, -0.541092, 0.468600, -0.547093, 0.467483, 0.006103, 0.547775, 0.553876, 4.869090, 6
0.013575, -0.538214, 0.463615, -0.546293, 0.462562, 0.008147, 0.545734, 0.553876, 4.878090, 6
0.013600, -0.541092, 0.458629, -0.545449, 0.457649, 0.004465, 0.549416, 0.553876, 4.887090, 5
0.013625, -0.543970, 0.453644, -0.544560, 0.452744, 0.001076, 0.553132, 0.553876, 4.896090, 5
0.013650, -0.546849, 0.448659, -0.543628, 0.447847, 0.003322, 0.556883, 0.553876, 4.905090, 5
0.013675, -0.549727, 0.443674, -0.542651, 0.442958, 0.007112, 0.560669, 0.553876, 4.914090, 5
0.013700, -0.546849, 0.438689, -0.541631, 0.438079, 0.005253, 0.558853, 0.553876, 4.923090, 6
0.013725, -0.543970, 0.433704, -0.540567, 0.433209, 0.003440, 0.557092, 0.553876, 4.932090, 6
0.013750, -0.541092, 0.428719, -0.539458, 0.428348, 0.001675, 0.555384, 0.553876, 4.941090, 6
0.013775, -0.538214, 0.423734, -0.538307, 0.423498, 0.000253, 0.553731, 0.553876, 4.950090, 6
0.013800, -0.535336, 0.418749, -0.537111, 0.418659, 0.001778, 0.552133, 0.553876, 4.959090, 6
0.013825, -0.532458, 0.413764, -0.535872, 0.413830, 0.003415, 0.550590, 0.553876, 4.968090, 6
0.013850, -0.529580, 0.408778, -0.534590, 0.409013, 0.005016, 0.549104, 0.553876, 4.977090, 6
0.013875, -0.526702, 0.403793, -0.533264, 0.404207, 0.006576, 0.547674, 0.553876, 4.986090, 6
0.013900, -0.523823, 0.398808, -0.531896, 0.399413, 0.008095, 0.546301, 0.553876, 4.995090, 6
0.013925, -0.526702, 0.393823, -0.530484, 0.394633, 0.003868, 0.550490, 0.553876, 5.004090, 5
0.013950, -0.529580, 0.388838, -0.529029, 0.389864, 0.001165, 0.554707, 0.553877, 5.013090, 5
0.013975, -0.532458, 0.383853, -0.527531, 0.385110, 0.005085, 0.558952, 0.553877, 5.022090, 5
0.014000, -0.535336, 0.378868, -0.525991, 0.380369, 0.009465, 0.563224, 0.553877, 5.031090, 5
0.014025, -0.532458, 0.373883, -0.524407, 0.375642, 0.008240, 0.562066, 0.553877, 5.040090, 6
0.014050, -0.529580, 0.368898, -0.522782, 0.370929, 0.007095, 0.560964, 0.553877, 5.049090, 6
0.014075, -0.526702, 0.363913, -0.521114, 0.366231, 0.006049, 0.559920, 0.553877, 5.058090, 6
0.014100, -0.523823, 0.358927, -0.519404, 0.361549, 0.005138, 0.558932, 0.553877, 5.067090, 6
0.014125, -0.520945, 0.353942, -0.517652, 0.356882, 0.004414, 0.558003, 0.553877, 5.076090, 6
0.014150, -0.518067, 0.348957, -0.515858, 0.352231, 0.003949, 0.557131, 0.553877, 5.085090, 6
0.014175, -0.515189, 0.343972, -0.514022, 0.347596, 0.003807, 0.556318, 0.553877, 5.094090, 6
0.014200, -0.512311, 0.338987, -0.512144, 0.342978, 0.003994, 0.555563, 0.553877, 5.103090, 6
0.014225, -0.509433, 0.334002, -0.510225, 0.338377, 0.004446, 0.554867, 0.553877, 5.112090, 6
0.014250, -0.506554, 0.329017, -0.508265, 0.333793, 0.005074, 0.554229, 0.553877, 5.121090, 6
0.014275, -0.503676, 0.324032, -0.506263, 0.329228, 0.005804, 0.553651, 0.553878, 5.130090, 6
0.014300, -0.500798, 0.319047, -0.504221, 0.324680, 0.006592, 0.553132, 0.553878, 5.139090, 6
0.014325, -0.497920, 0.314061, -0.502137, 0.320151, 0.007408, 0.552673, 0.553878, 5.148090, 6
0.014350, -0.495042, 0.309076, -0.500013, 0.315642, 0.008235, 0.552273, 0.553878, 5.157090, 6
0.014375, -0.492164, 0.304091, -0.497849, 0.311151, 0.009064, 0.551933, 0.553878, 5.166090, 6
0.014400, -0.489286, 0.299106, -0.495644, 0.306680, 0.009889, 0.551652, 0.553878, 5.175090, 6
0.014425, -0.489286, 0.299106, -0.493399, 0.302229, 0.005164, 0.551652, 0.553878, 5.184090, 7
0.014450, -0.489286, 0.299106, -0.491114, 0.297798, 0.002248, 0.551652, 0.553878, 5.193090, 7
0.014475, -0.489286, 0.299106, -0.488789, 0.293389, 0.005739, 0.551652, 0.553878, 5.202090, 7
0.014500, -0.489286, 0.299106, -0.486425, 0.289000, 0.010503, 0.551652, 0.553878, 5.211090, 7
0.014525, -0.486407, 0.294121, -0.484021, 0.284633, 0.009784, 0.551432, 0.553879, 5.220090, 6
0.014550, -0.483529, 0.289136, -0.481578, 0.280287, 0.009061, 0.551272, 0.553879, 5.229090, 6
0.014575, -0.480651, 0.284151, -0.479096, 0.275964, 0.008333, 0.551172, 0.553879, 5.238090, 6
0.014600, -0.477773, 0.279166, -0.476575, 0.271663, 0.007598, 0.551132, 0.553879, 5.247090, 6
0.014625, -0.474895, 0.274181, -0.474016, 0.267385, 0.006852, 0.551152, 0.553879, 5.256090, 6
0.014650, -0.472017, 0.269196, -0.471418, 0.263131, 0.006095, 0.551232, 0.553879, 5.265090, 6
0.014675, -0.469139, 0.264210, -0.468782, 0.258899, 0.005323, 0.551372, 0.553879, 5.274090, 6
0.014700, -0.466260, 0.259225, -0.466108, 0.254692, 0.004536, 0.551572, 0.553879, 5.283090, 6
0.014725, -0.463382, 0.254240, -0.463396, 0.250509, 0.003731, 0.551833, 0.553879, 5.292090, 6
0.014750, -0.460504, 0.249255, -0.460647, 0.246351, 0.002908, 0.552153, 0.553880, 5.301090, 6
0.014775, -0.457626, 0.244270, -0.457861, 0.242217, 0.002066, 0.552533, 0.553880, 5.310090, 6
0.014800, -0.454748, 0.239285, -0.455037, 0.238109, 0.001211, 0.552972, 0.553880, 5.319090, 6
0.014825, -0.451870, 0.234300, -0.452176, 0.234026, 0.000411, 0.553471, 0.553880, 5.328090, 6
0.014850, -0.448991, 0.229315, -0.449279, 0.229969, 0.000715, 0.554030, 0.553880, 5.337090, 6
0.014875, -0.446113, 0.224330, -0.446346, 0.225939, 0.001626, 0.554648, 0.553880, 5.346090, 6
0.014900, -0.443235, 0.219345, -0.443376, 0.221935, 0.002594, 0.555324, 0.553880, 5.355090, 6
0.014925, -0.443235, 0.219345, -0.440370, 0.217958, 0.003183, 0.555324, 0.553880, 5.364090, 7
0.014950, -0.440357, 0.214359, -0.437329, 0.214008, 0.003048, 0.556060, 0.553881, 5.373090, 6
0.014975, -0.437479, 0.209374, -0.434252, 0.210085, 0.003304, 0.556854, 0.553881, 5.382090, 6
0.015000, -0.434601, 0.204389, -0.431141, 0.206191, 0.003901, 0.557706, 0.553881, 5.391090, 6
0.015025, -0.431723, 0.199404, -0.427994, 0.202324, 0.004736, 0.558616, 0.553881, 5.400090, 6
0.015050, -0.428844, 0.194419, -0.424812, 0.198487, 0.005727, 0.559584, 0.553881, 5.409090, 6
0.015075, -0.425966, 0.189434, -0.421596, 0.194678, 0.006826, 0.560610, 0.553881, 5.418090, 6
0.015100, -0.423088, 0.184449, -0.418346, 0.190898, 0.008004, 0.561692, 0.553881, 5.427090, 6
0.015125, -0.420210, 0.179464, -0.415062, 0.187147, 0.009248, 0.562831, 0.553882, 5.436090, 6
0.015150, -0.414454, 0.179464, -0.411745, 0.183426, 0.004800, 0.558547, 0.553882, 5.445090, 1
0.015175, -0.408697, 0.179464, -0.408394, 0.179735, 0.000407, 0.554289, 0.553882, 5.454090, 1
0.015200, -0.402941, 0.179464, -0.405010, 0.176075, 0.003971, 0.550058, 0.553882, 5.463090, 1
0.015225, -0.397185, 0.179464, -0.401593, 0.172445, 0.008289, 0.545856, 0.553882, 5.472090, 1
0.015250, -0.394307, 0.174479, -0.398144, 0.168846, 0.006816, 0.547210, 0.553882, 5.481090, 6
0.015275, -0.391428, 0.169493, -0.394662, 0.165278, 0.005313, 0.548621, 0.553883, 5.490090, 6
0.015300, -0.388550, 0.164508, -0.391149, 0.161741, 0.003796, 0.550089, 0.553883, 5.499090, 6
0.015325, -0.385672, 0.159523, -0.387604, 0.158237, 0.002321, 0.551612, 0.553883, 5.508090, 6
0.015350, -0.382794, 0.154538, -0.384027, 0.154764, 0.001253, 0.553192, 0.553883, 5.517090, 6
0.015375, -0.379916, 0.149553, -0.380419, 0.151324, 0.001841, 0.554827, 0.553883, 5.526090, 6
0.015400, -0.377038, 0.144568, -0.376781, 0.147916, 0.003358, 0.556516, 0.553883, 5.535090, 6
0.015425, -0.374160, 0.139583, -0.373112, 0.144541, 0.005068, 0.558260, 0.553884, 5.544090, 6
0.015450, -0.371281, 0.134598, -0.369412, 0.141200, 0.006862, 0.560058, 0.553884, 5.553090, 6
0.015475, -0.368403, 0.129613, -0.365683, 0.137892, 0.008714, 0.561908, 0.553884, 5.562090, 6
0.015500, -0.362647, 0.129613, -0.361924, 0.134617, 0.005056, 0.558151, 0.553884, 5.571090, 1
0.015525, -0.356891, 0.129613, -0.358136, 0.131377, 0.002159, 0.554428, 0.553884, 5.580090, 1
0.015550, -0.351134, 0.129613, -0.354319, 0.128170, 0.003496, 0.550741, 0.553884, 5.589090, 1
0.015575, -0.345378, 0.129613, -0.350473, 0.124999, 0.006874, 0.547089, 0.553885, 5.598090, 1
0.015600, -0.339622, 0.129613, -0.346599, 0.121861, 0.010429, 0.543473, 0.553885, 5.607090, 1
0.015625, -0.336744, 0.124628, -0.342696, 0.118759, 0.008359, 0.545593, 0.553885, 5.616090, 6
0.015650, -0.333865, 0.119642, -0.338766, 0.115693, 0.006294, 0.547765, 0.553885, 5.625090, 6
0.015675, -0.330987, 0.114657, -0.334809, 0.112661, 0.004311, 0.549988, 0.553885, 5.634090, 6
0.015700, -0.328109, 0.109672, -0.330824, 0.109666, 0.002715, 0.552263, 0.553885, 5.643090, 6
0.015725, -0.325231, 0.104687, -0.326813, 0.106706, 0.002565, 0.554588, 0.553886, 5.652090, 6
0.015750, -0.322353, 0.099702, -0.322775, 0.103783, 0.004102, 0.556963, 0.553886, 5.661090, 6
0.015775, -0.319475, 0.094717, -0.318711, 0.100896, 0.006226, 0.559387, 0.553886, 5.670090, 6
0.015800, -0.316597, 0.089732, -0.314621, 0.098045, 0.008545, 0.561859, 0.553886, 5.679090, 6
0.015825, -0.313718, 0.084747, -0.310505, 0.095232, 0.010967, 0.564380, 0.553886, 5.688090, 6
0.015850, -0.307962, 0.084747, -0.306365, 0.092456, 0.007873, 0.561200, 0.553887, 5.697090, 1
0.015875, -0.302206, 0.084747, -0.302200, 0.089717, 0.004970, 0.558062, 0.553887, 5.706090, 1
0.015900, -0.296449, 0.084747, -0.298010, 0.087016, 0.002754, 0.554966, 0.553887, 5.715090, 1
0.015925, -0.290693, 0.084747, -0.293796, 0.084353, 0.003127, 0.551913, 0.553887, 5.724090, 1
0.015950, -0.284937, 0.084747, -0.289558, 0.081727, 0.005520, 0.548903, 0.553887, 5.733090, 1
0.015975, -0.279181, 0.084747, -0.285297, 0.079140, 0.008297, 0.545937, 0.553887, 5.742090, 1
0.016000, -0.276302, 0.079762, -0.281012, 0.076592, 0.005677, 0.548772, 0.553888, 5.751090, 6
0.016025, -0.273424, 0.074777, -0.276705, 0.074082, 0.003354, 0.551652, 0.553888, 5.760090, 6
0.016050, -0.270546, 0.069791, -0.272376, 0.071611, 0.002580, 0.554578, 0.553888, 5.769090, 6
0.016075, -0.267668, 0.064806, -0.268024, 0.069179, 0.004387, 0.557547, 0.553888, 5.778090, 6
0.016100, -0.264790, 0.059821, -0.263651, 0.066786, 0.007057, 0.560560, 0.553888, 5.787090, 6
0.016125, -0.259034, 0.059821, -0.259256, 0.064432, 0.004617, 0.557864, 0.553889, 5.796090, 1
0.016150, -0.253277, 0.059821, -0.254841, 0.062119, 0.002779, 0.555215, 0.553889, 5.805090, 1
0.016175, -0.247521, 0.059821, -0.250404, 0.059845, 0.002883, 0.552613, 0.553889, 5.814090, 1
0.016200, -0.241765, 0.059821, -0.245948, 0.057611, 0.004731, 0.550058, 0.553889, 5.823090, 1
0.016225, -0.236008, 0.059821, -0.241471, 0.055417, 0.007017, 0.547553, 0.553889, 5.832090, 1
0.016250, -0.230252, 0.059821, -0.236975, 0.053264, 0.009391, 0.545096, 0.553890, 5.841090, 1
0.016275, -0.227374, 0.054836, -0.232460, 0.051151, 0.006280, 0.548419, 0.553890, 5.850090, 6
0.016300, -0.224496, 0.049851, -0.227926, 0.049080, 0.003516, 0.551783, 0.553890, 5.859090, 6
0.016325, -0.221618, 0.044866, -0.223373, 0.047048, 0.002801, 0.555185, 0.553890, 5.868090, 6
0.016350, -0.218739, 0.039881, -0.218803, 0.045058, 0.005178, 0.558626, 0.553890, 5.877090, 6
0.016375, -0.215861, 0.034896, -0.214214, 0.043110, 0.008377, 0.562105, 0.553891, 5.886090, 6
0.016400, -0.210105, 0.034896, -0.209608, 0.041202, 0.006326, 0.559920, 0.553891, 5.895090, 1
0.016425, -0.204349, 0.034896, -0.204986, 0.039336, 0.004486, 0.557785, 0.553891, 5.904090, 1
0.016450, -0.198592, 0.034896, -0.200346, 0.037512, 0.003150, 0.555702, 0.553891, 5.913090, 1
0.016475, -0.192836, 0.034896, -0.195691, 0.035730, 0.002974, 0.553671, 0.553892, 5.922090, 1
0.016500, -0.187080, 0.034896, -0.191019, 0.033989, 0.004043, 0.551692, 0.553892, 5.931090, 1
0.016525, -0.181323, 0.034896, -0.186333, 0.032291, 0.005646, 0.549767, 0.553892, 5.940090, 1
0.016550, -0.175567, 0.034896, -0.181631, 0.030635, 0.007411, 0.547896, 0.553892, 5.949090, 1
0.016575, -0.169811, 0.034896, -0.176914, 0.029021, 0.009218, 0.546078, 0.553892, 5.958090, 1
0.016600, -0.166933, 0.029911, -0.172183, 0.027450, 0.005798, 0.549938, 0.553893, 5.967090, 6
0.016625, -0.164055, 0.024926, -0.167438, 0.025921, 0.003527, 0.553831, 0.553893, 5.976090, 6
0.016650, -0.161176, 0.019940, -0.162679, 0.024436, 0.004740, 0.557755, 0.553893, 5.985090, 6
0.016675, -0.158298, 0.014955, -0.157908, 0.022993, 0.008047, 0.561712, 0.553893, 5.994090, 6
0.016700, -0.155420, 0.009970, -0.153123, 0.021593, 0.011847, 0.565699, 0.553893, 6.003090, 6
0.016725, -0.152542, 0.004985, -0.148326, 0.020236, 0.015823, 0.569717, 0.553894, 6.012090, 6
0.016750, -0.149664, -0.000000, -0.143517, 0.018923, 0.019896, 0.573764, 0.553894, 6.021090, 6
0.016775, -0.143908, -0.000000, -0.138697, 0.017652, 0.018405, 0.572289, 0.553894, 6.030090, 1
0.016800, -0.138151, -0.000000, -0.133865, 0.016426, 0.016976, 0.570869, 0.553894, 6.039090, 1
0.016825, -0.132395, -0.000000, -0.129022, 0.015242, 0.015611, 0.569503, 0.553895, 6.048090, 1
0.016850, -0.126639, -0.000000, -0.124169, 0.014103, 0.014317, 0.568193, 0.553895, 6.057090, 1
0.016875, -0.120882, -0.000000, -0.119306, 0.013007, 0.013102, 0.566937, 0.553895, 6.066090, 1
0.016900, -0.115126, -0.000000, -0.114433, 0.011955, 0.011975, 0.565738, 0.553895, 6.075090, 1
0.016925, -0.109370, -0.000000, -0.109551, 0.010947, 0.010948, 0.564595, 0.553895, 6.084090, 1
0.016950, -0.103613, -0.000000, -0.104660, 0.009983, 0.010037, 0.563508, 0.553896, 6.093090, 1
0.016975, -0.097857, -0.000000, -0.099761, 0.009062, 0.009260, 0.562478, 0.553896, 6.102090, 1
0.017000, -0.092101, -0.000000, -0.094853, 0.008186, 0.008637, 0.561505, 0.553896, 6.111090, 1
0.017025, -0.086345, -0.000000, -0.089938, 0.007355, 0.008186, 0.560590, 0.553896, 6.120090, 1
0.017050, -0.080588, -0.000000, -0.085016, 0.006567, 0.007920, 0.559732, 0.553896, 6.129090, 1
0.017075, -0.074832, -0.000000, -0.080086, 0.005824, 0.007844, 0.558932, 0.553897, 6.138090, 1
0.017100, -0.069076, -0.000000, -0.075151, 0.005125, 0.007948, 0.558191, 0.553897, 6.147090, 1
0.017125, -0.063319, -0.000000, -0.070209, 0.004471, 0.008213, 0.557508, 0.553897, 6.156090, 1
0.017150, -0.057563, -0.000000, -0.065261, 0.003861, 0.008612, 0.556883, 0.553897, 6.165090, 1
0.017175, -0.051807, -0.000000, -0.060308, 0.003296, 0.009118, 0.556318, 0.553898, 6.174090, 1
0.017200, -0.046050, -0.000000, -0.055350, 0.002775, 0.009705, 0.555811, 0.553898, 6.183090, 1
0.017225, -0.040294, -0.000000, -0.050388, 0.002299, 0.010352, 0.555364, 0.553898, 6.192090, 1
0.017250, -0.034538, -0.000000, -0.045421, 0.001868, 0.011043, 0.554976, 0.553898, 6.201090, 1
0.017275, -0.028782, -0.000000, -0.040451, 0.001481, 0.011763, 0.554648, 0.553898, 6.210090, 1
0.017300, -0.023025, -0.000000, -0.035478, 0.001139, 0.012505, 0.554379, 0.553899, 6.219090, 1
0.017325, -0.017269, -0.000000, -0.030502, 0.000842, 0.013260, 0.554169, 0.553899, 6.228090, 1
0.017350, -0.011513, -0.000000, -0.025523, 0.000590, 0.014023, 0.554020, 0.553899, 6.237090, 1
0.017375, -0.005756, -0.000000, -0.020542, 0.000382, 0.014791, 0.553930, 0.553899, 6.246090, 1
0.017400, 0.000000, -0.000000, -0.015560, 0.000219, 0.015561, 0.553900, 0.553900, 6.255090, 1
0.017425, 0.000000, -0.000000, -0.010576, 0.000101, 0.010577, 0.553900, 0.553900, 6.264090, 0
0.017450, 0.000000, -0.000000, -0.005592, 0.000028, 0.005592, 0.553900, 0.553900, 6.273090, 0
0.017475, 0.000000, -0.000000, -0.000607, 0.000000, 0.000607, 0.553900, 0.553900, 6.282090, 0
